epoch,ra,dec
58849.0,-423.12346961805804,-406.72352285622424
59214.0,-679.1442968649889,-316.55339508376596
59579.0,-846.3829853265881,-181.7395396407468
